<?xml version="1.0" encoding="UTF-8"?>

<!--

 This file is part of the Sylius package.

 (c) Paweł Jędrzejewski

 For the full copyright and license information, please view the LICENSE
 file that was distributed with this source code.

-->

<container xmlns="http://symfony.com/schema/dic/services" xmlns:xsi="http://www.w3.org/2001/XMLSchema-instance" xsi:schemaLocation="http://symfony.com/schema/dic/services http://symfony.com/schema/dic/services/services-1.0.xsd">
    <imports>
        <import resource="shop/account.xml" />
        <import resource="shop/checkout.xml" />
        <import resource="shop/contact.xml" />
        <import resource="shop/order.xml" />
        <import resource="shop/product.xml" />
    </imports>

    <parameters>
        <parameter key="sylius.behat.page.shop.cart_summary.class">Sylius\Behat\Page\Shop\Cart\SummaryPage</parameter>
        <parameter key="sylius.behat.page.shop.home.class">Sylius\Behat\Page\Shop\HomePage</parameter>
    </parameters>

    <services>
        <service id="sylius.behat.page.shop.cart_summary" class="%sylius.behat.page.shop.cart_summary.class%" parent="sylius.behat.symfony_page" public="false" />
        <service id="sylius.behat.page.shop.home" class="%sylius.behat.page.shop.home.class%" parent="sylius.behat.symfony_page" public="false" />
    </services>
</container>
