<?xml version="1.0" ?>

<!--

 This file is part of the Sylius package.

 (c) Paweł Jędrzejewski

 For the full copyright and license information, please view the LICENSE
 file that was distributed with this source code.

-->

<container xmlns="http://symfony.com/schema/dic/services" xmlns:xsi="http://www.w3.org/2001/XMLSchema-instance" xsi:schemaLocation="http://symfony.com/schema/dic/services http://symfony.com/schema/dic/services/services-1.0.xsd">
    <services>
        <service id="sylius.behat.context.api.admin.managing_taxons" class="Sylius\Behat\Context\Api\Admin\ManagingTaxonsContext">
            <argument type="service" id="__symfony__.test.client" />
            <argument type="service" id="__symfony__.session" />
            <tag name="fob.context_service" />
        </service>
        <service id="sylius.behat.context.api.admin.managing_product_variants" class="Sylius\Behat\Context\Api\Admin\ManagingProductVariantsContext">
            <argument type="service" id="__symfony__.test.client" />
            <argument type="service" id="__symfony__.session" />
            <tag name="fob.context_service" />
        </service>
    </services>
</container>
