<?xml version="1.0" encoding="UTF-8"?>

<!--

 This file is part of the Sylius package.

 (c) Paweł Jędrzejewski

 For the full copyright and license information, please view the LICENSE
 file that was distributed with this source code.

-->

<container xmlns="http://symfony.com/schema/dic/services" xmlns:xsi="http://www.w3.org/2001/XMLSchema-instance" xsi:schemaLocation="http://symfony.com/schema/dic/services http://symfony.com/schema/dic/services/services-1.0.xsd">
    <services>
        <service id="sylius.behat.context.domain.notification" class="Sylius\Behat\Context\Domain\NotificationContext">
            <tag name="fob.context_service" />
        </service>

        <service id="sylius.behat.context.domain.managing_orders" class="Sylius\Behat\Context\Domain\ManagingOrdersContext">
            <argument type="service" id="sylius.behat.shared_storage" />
            <argument type="service" id="__symfony__.sylius.repository.order"/>
            <argument type="service" id="__symfony__.sylius.repository.order_item"/>
            <argument type="service" id="__symfony__.sylius.repository.address"/>
            <argument type="service" id="__symfony__.sylius.repository.adjustment"/>
            <argument type="service" id="__symfony__.sylius.manager.order"/>
            <argument type="service" id="__symfony__.sylius.product_variant_resolver.default"/>
            <argument type="service" id="__symfony__.sylius.unpaid_orders_state_updater" />
            <tag name="fob.context_service" />
        </service>

        <service id="sylius.behat.context.domain.managing_payments" class="Sylius\Behat\Context\Domain\ManagingPaymentsContext">
            <argument type="service" id="__symfony__.sylius.repository.payment"/>
            <tag name="fob.context_service" />
        </service>

        <service id="sylius.behat.context.domain.managing_products" class="Sylius\Behat\Context\Domain\ManagingProductsContext">
            <argument type="service" id="sylius.behat.shared_storage" />
            <argument type="service" id="__symfony__.sylius.repository.product" />
            <argument type="service" id="__symfony__.sylius.repository.product_variant" />
            <argument type="service" id="__symfony__.sylius.repository.product_review" />
            <tag name="fob.context_service" />
        </service>

        <service id="sylius.behat.context.domain.managing_promotions" class="Sylius\Behat\Context\Domain\ManagingPromotionsContext">
            <argument type="service" id="sylius.behat.shared_storage" />
            <argument type="service" id="__symfony__.sylius.repository.promotion" />
            <tag name="fob.context_service" />
        </service>

        <service id="sylius.behat.context.domain.managing_promotion_coupons" class="Sylius\Behat\Context\Domain\ManagingPromotionCouponsContext">
            <argument type="service" id="sylius.behat.shared_storage" />
            <argument type="service" id="__symfony__.sylius.repository.promotion_coupon" />
            <tag name="fob.context_service" />
        </service>

        <service id="sylius.behat.context.domain.security" class="Sylius\Behat\Context\Domain\SecurityContext">
            <tag name="fob.context_service" />
        </service>

        <service id="sylius.behat.context.domain.managing_shipments" class="Sylius\Behat\Context\Domain\ManagingShipmentsContext">
            <argument type="service" id="__symfony__.sylius.repository.shipment"/>
            <tag name="fob.context_service" />
        </service>

        <service id="sylius.behat.context.domain.cart" class="Sylius\Behat\Context\Domain\CartContext">
            <argument type="service" id="__symfony__.sylius.manager.order" />
            <argument type="service" id="__symfony__.sylius.expired_carts_remover" />
            <tag name="fob.context_service" />
        </service>

        <service id="sylius.behat.context.domain.managing_shipping_methods" class="Sylius\Behat\Context\Domain\ManagingShippingMethodsContext">
            <argument type="service" id="__symfony__.sylius.repository.shipping_method" />
            <argument type="service" id="__symfony__.sylius.manager.shipping_method" />
            <tag name="fob.context_service" />
        </service>
    </services>
</container>
