<?xml version="1.0" encoding="UTF-8"?>

<!--

 This file is part of the Sylius package.

 (c) Paweł Jędrzejewski

 For the full copyright and license information, please view the LICENSE
 file that was distributed with this source code.

-->

<container xmlns="http://symfony.com/schema/dic/services" xmlns:xsi="http://www.w3.org/2001/XMLSchema-instance" xsi:schemaLocation="http://symfony.com/schema/dic/services http://symfony.com/schema/dic/services/services-1.0.xsd">
    <imports>
        <import resource="pages/admin.xml" />
        <import resource="pages/shop.xml" />
    </imports>

    <services>
        <service id="sylius.behat.page" class="Sylius\Behat\Page\Page" abstract="true" public="false">
            <argument type="service" id="mink.default_session" />
            <argument>%__behat__.mink.parameters%</argument>
        </service>
        <service id="sylius.behat.symfony_page" class="Sylius\Behat\Page\SymfonyPage" parent="sylius.behat.page" abstract="true" public="false">
            <argument type="service" id="__symfony_shared__.router" />
        </service>

        <service id="sylius.behat.page.external.paypal_checkout_express" class="Sylius\Behat\Page\External\PaypalExpressCheckoutPage" parent="sylius.behat.page" public="false" >
            <argument type="service" id="__symfony__.sylius.repository.payment_security_token" />
        </service>
    </services>
</container>
