<?xml version="1.0" ?>

<container xmlns="http://symfony.com/schema/dic/services"
           xmlns:xsi="http://www.w3.org/2001/XMLSchema-instance"
           xsi:schemaLocation="http://symfony.com/schema/dic/services http://symfony.com/schema/dic/services/services-1.0.xsd">

    <services>
        <service id="sylius.behat.page.admin.administrator.create" class="Sylius\Behat\Page\Admin\Administrator\CreatePage" parent="sylius.behat.page.admin.crud.create" public="false">
            <argument type="string">sylius_admin_admin_user_create</argument>
        </service>
        <service id="sylius.behat.page.admin.administrator.index" class="Sylius\Behat\Page\Admin\Crud\IndexPage" parent="sylius.behat.page.admin.crud.index" public="false">
            <argument type="string">sylius_admin_admin_user_index</argument>
        </service>
        <service id="sylius.behat.page.admin.administrator.update" class="Sylius\Behat\Page\Admin\Administrator\UpdatePage" parent="sylius.behat.page.admin.crud.update" public="false">
            <argument type="string">sylius_admin_admin_user_update</argument>
        </service>
    </services>
</container>
