<?xml version="1.0" encoding="UTF-8"?>

<!--

 This file is part of the Sylius package.

 (c) Paweł Jędrzejewski

 For the full copyright and license information, please view the LICENSE
 file that was distributed with this source code.

-->

<container xmlns="http://symfony.com/schema/dic/services" xmlns:xsi="http://www.w3.org/2001/XMLSchema-instance" xsi:schemaLocation="http://symfony.com/schema/dic/services http://symfony.com/schema/dic/services/services-1.0.xsd">
    <parameters>
        <parameter key="sylius.behat.page.admin.dashboard.class">Sylius\Behat\Page\Admin\DashboardPage</parameter>
    </parameters>

    <services>
        <service id="sylius.behat.page.admin.dashboard" class="%sylius.behat.page.admin.dashboard.class%" parent="sylius.behat.symfony_page" public="false">
            <argument type="service" id="sylius.behat.table_accessor" />
        </service>
    </services>
</container>
