<?xml version="1.0" encoding="UTF-8"?>

<!--

 This file is part of the Sylius package.

 (c) Paweł Jędrzejewski

 For the full copyright and license information, please view the LICENSE
 file that was distributed with this source code.

-->

<container xmlns="http://symfony.com/schema/dic/services" xmlns:xsi="http://www.w3.org/2001/XMLSchema-instance" xsi:schemaLocation="http://symfony.com/schema/dic/services http://symfony.com/schema/dic/services/services-1.0.xsd">
    <parameters>
        <parameter key="sylius.behat.page.admin.product_option.create.class">Sylius\Behat\Page\Admin\ProductOption\CreatePage</parameter>
        <parameter key="sylius.behat.page.admin.product_option.update.class">Sylius\Behat\Page\Admin\ProductOption\UpdatePage</parameter>
        <parameter key="sylius.behat.page.admin.product_option.index.class">%sylius.behat.page.admin.crud.index.class%</parameter>
    </parameters>

    <services>
        <service id="sylius.behat.page.admin.product_option.create" class="%sylius.behat.page.admin.product_option.create.class%" parent="sylius.behat.page.admin.crud.create" public="false">
            <argument type="string">sylius_admin_product_option_create</argument>
        </service>
        <service id="sylius.behat.page.admin.product_option.update" class="%sylius.behat.page.admin.product_option.update.class%" parent="sylius.behat.page.admin.crud.update" public="false">
            <argument type="string">sylius_admin_product_option_update</argument>
        </service>
        <service id="sylius.behat.page.admin.product_option.index" class="%sylius.behat.page.admin.product_option.index.class%" parent="sylius.behat.page.admin.crud.index" public="false">
            <argument type="string">sylius_admin_product_option_index</argument>
        </service>
    </services>
</container>
