<?xml version="1.0" encoding="UTF-8"?>

<!--

 This file is part of the Sylius package.

 (c) Paweł Jędrzejewski

 For the full copyright and license information, please view the LICENSE
 file that was distributed with this source code.

-->

<container xmlns="http://symfony.com/schema/dic/services" xmlns:xsi="http://www.w3.org/2001/XMLSchema-instance" xsi:schemaLocation="http://symfony.com/schema/dic/services http://symfony.com/schema/dic/services/services-1.0.xsd">
    <parameters>
        <parameter key="sylius.behat.page.admin.product_variant.create.class">Sylius\Behat\Page\Admin\ProductVariant\CreatePage</parameter>
        <parameter key="sylius.behat.page.admin.product_variant.generate.class">Sylius\Behat\Page\Admin\ProductVariant\GeneratePage</parameter>
        <parameter key="sylius.behat.page.admin.product_variant.index.class">Sylius\Behat\Page\Admin\ProductVariant\IndexPage</parameter>
        <parameter key="sylius.behat.page.admin.product_variant.update.class">Sylius\Behat\Page\Admin\ProductVariant\UpdatePage</parameter>
    </parameters>

    <services>
        <service id="sylius.behat.page.admin.product_variant.create" class="%sylius.behat.page.admin.product_variant.create.class%" parent="sylius.behat.page.admin.crud.create" public="false">
            <argument type="string">sylius_admin_product_variant_create</argument>
        </service>
        <service id="sylius.behat.page.admin.product_variant.generate" class="%sylius.behat.page.admin.product_variant.generate.class%" parent="sylius.behat.symfony_page" public="false">
            <argument type="string">product_variant</argument>
        </service>
        <service id="sylius.behat.page.admin.product_variant.index" class="%sylius.behat.page.admin.product_variant.index.class%" parent="sylius.behat.page.admin.crud.index" public="false">
            <argument type="string">sylius_admin_product_variant_index</argument>
        </service>
        <service id="sylius.behat.page.admin.product_variant.update" class="%sylius.behat.page.admin.product_variant.update.class%" parent="sylius.behat.page.admin.crud.update" public="false">
            <argument type="string">sylius_admin_product_variant_update</argument>
        </service>
    </services>
</container>
