<?xml version="1.0" encoding="UTF-8"?>

<!--

 This file is part of the Sylius package.

 (c) Paweł Jędrzejewski

 For the full copyright and license information, please view the LICENSE
 file that was distributed with this source code.

-->

<container xmlns="http://symfony.com/schema/dic/services" xmlns:xsi="http://www.w3.org/2001/XMLSchema-instance" xsi:schemaLocation="http://symfony.com/schema/dic/services http://symfony.com/schema/dic/services/services-1.0.xsd">
    <parameters>
        <parameter key="sylius.behat.page.admin.promotion_coupon.create.class">Sylius\Behat\Page\Admin\PromotionCoupon\CreatePage</parameter>
        <parameter key="sylius.behat.page.admin.promotion_coupon.generate.class">Sylius\Behat\Page\Admin\PromotionCoupon\GeneratePage</parameter>
        <parameter key="sylius.behat.page.admin.promotion_coupon.index.class">%sylius.behat.page.admin.crud.index.class%</parameter>
        <parameter key="sylius.behat.page.admin.promotion_coupon.update.class">Sylius\Behat\Page\Admin\PromotionCoupon\UpdatePage</parameter>
    </parameters>

    <services>
        <service id="sylius.behat.page.admin.promotion_coupon.create" class="%sylius.behat.page.admin.promotion_coupon.create.class%" parent="sylius.behat.page.admin.crud.create" public="false">
            <argument type="string">sylius_admin_promotion_coupon_create</argument>
        </service>
        <service id="sylius.behat.page.admin.promotion_coupon.generate" class="%sylius.behat.page.admin.promotion_coupon.generate.class%" parent="sylius.behat.symfony_page" public="false" />
        <service id="sylius.behat.page.admin.promotion_coupon.index" class="%sylius.behat.page.admin.promotion_coupon.index.class%" parent="sylius.behat.page.admin.crud.index" public="false">
            <argument type="string">sylius_admin_promotion_coupon_index</argument>
        </service>
        <service id="sylius.behat.page.admin.promotion_coupon.update" class="%sylius.behat.page.admin.promotion_coupon.update.class%" parent="sylius.behat.page.admin.crud.update" public="false">
            <argument type="string">sylius_admin_promotion_coupon_update</argument>
        </service>
    </services>
</container>
